{
  "training": {
    "temperature": {
      "min": 8.825674745,
      "max": 43.67549305,
      "mean": 25.616243851779547,
      "std": 5.062597617195944
    },
    "humidity": {
      "min": 14.25803981,
      "max": 99.98187601,
      "mean": 71.48177921778637,
      "std": 22.25875105745574
    },
    "rainfall": {
      "min": 20.21126747,
      "max": 298.5601175,
      "mean": 103.46365541576819,
      "std": 54.945896562329025
    }
  },
  "climate": {
    "temperature": {
      "min": 12.0,
      "max": 38.0,
      "mean": 26.8828125,
      "std": 5.235900352996647
    },
    "humidity": {
      "min": 19.0,
      "max": 90.0,
      "mean": 62.015625,
      "std": 15.13772762094898
    },
    "rainfall": {
      "min": 2.0,
      "max": 700.0,
      "mean": 94.0625,
      "std": 113.91616183440931
    }
  }
}