{
  "training": {
    "temperature": {
      "min": 8.825674745,
      "max": 43.67549305,
      "mean": 25.651174589566,
      "std": 5.247838068974537
    },
    "humidity": {
      "min": 14.25803981,
      "max": 99.98187601,
      "mean": 69.860285711652,
      "std": 21.732837179050414
    },
    "rainfall": {
      "min": 20.21126747,
      "max": 298.5601175,
      "mean": 100.390340765876,
      "std": 54.09982466532175
    }
  },
  "climate": {
    "temperature": {
      "min": 12.0,
      "max": 38.0,
      "mean": 26.8828125,
      "std": 5.235900352996647
    },
    "humidity": {
      "min": 19.0,
      "max": 90.0,
      "mean": 62.015625,
      "std": 15.13772762094898
    },
    "rainfall": {
      "min": 2.0,
      "max": 700.0,
      "mean": 94.0625,
      "std": 113.91616183440931
    }
  }
}