{
  "training": {
    "temperature": {
      "min": 8.825674745,
      "max": 43.67549305,
      "mean": 25.34512941304423,
      "std": 5.393315829308522
    },
    "humidity": {
      "min": 14.25803981,
      "max": 99.98187601,
      "mean": 68.86058241505,
      "std": 21.929209546841932
    },
    "rainfall": {
      "min": 20.0,
      "max": 298.5601175,
      "mean": 98.02851996718846,
      "std": 54.388363467249754
    }
  },
  "climate": {
    "temperature": {
      "min": 12.0,
      "max": 38.0,
      "mean": 26.8828125,
      "std": 5.235900352996647
    },
    "humidity": {
      "min": 19.0,
      "max": 90.0,
      "mean": 62.015625,
      "std": 15.13772762094898
    },
    "rainfall": {
      "min": 2.0,
      "max": 700.0,
      "mean": 94.0625,
      "std": 113.91616183440931
    }
  }
}