{
  "feature_order": [
    "N",
    "P",
    "K",
    "temperature",
    "humidity",
    "ph",
    "rainfall",
    "temp_humidity_ratio",
    "npk_total",
    "n_ratio",
    "p_ratio",
    "k_ratio",
    "rain_temp_product",
    "ph_category",
    "moisture_index"
  ],
  "means": {
    "N": 49.410148,
    "P": 52.526781,
    "K": 50.962172,
    "temperature": 25.656003,
    "humidity": 67.769765,
    "ph": 6.478547,
    "rainfall": 97.921638,
    "temp_humidity_ratio": 0.426157,
    "npk_total": 152.899102,
    "n_ratio": 0.325502,
    "p_ratio": 0.358313,
    "k_ratio": 0.307711,
    "rain_temp_product": 25.480276,
    "ph_category": 1.498438,
    "moisture_index": 0.502052
  },
  "scales": {
    "N": 34.834306,
    "P": 31.265232,
    "K": 48.77673,
    "temperature": 5.280928,
    "humidity": 21.027852,
    "ph": 0.744117,
    "rainfall": 55.869245,
    "temp_humidity_ratio": 0.204229,
    "npk_total": 80.088498,
    "n_ratio": 0.171255,
    "p_ratio": 0.154669,
    "k_ratio": 0.132287,
    "rain_temp_product": 16.266067,
    "ph_category": 0.715889,
    "moisture_index": 0.160554
  }
}