{
  "feature_order": [
    "N",
    "P",
    "K",
    "temperature",
    "humidity",
    "ph",
    "rainfall",
    "temp_humidity_ratio",
    "npk_total",
    "n_ratio",
    "p_ratio",
    "k_ratio",
    "rain_temp_product",
    "ph_category",
    "moisture_index",
    "soil_moisture_proxy",
    "npk_balance",
    "heat_index",
    "rain_intensity",
    "pk_ratio",
    "n_to_rain"
  ],
  "means": {
    "N": 49.626516,
    "P": 51.76423,
    "K": 49.577972,
    "temperature": 25.993662,
    "humidity": 66.50156,
    "ph": 6.502992,
    "rainfall": 103.062173,
    "temp_humidity_ratio": 0.433257,
    "npk_total": 150.968718,
    "n_ratio": 0.328476,
    "p_ratio": 0.356384,
    "k_ratio": 0.306723,
    "rain_temp_product": 27.497714,
    "ph_category": 1.51423,
    "moisture_index": 0.504278,
    "soil_moisture_proxy": 273.410261,
    "npk_balance": 20.097624,
    "heat_index": 43.410974,
    "rain_intensity": 1.630337,
    "pk_ratio": 1.395244,
    "n_to_rain": 0.737584
  },
  "scales": {
    "N": 33.55414,
    "P": 29.177215,
    "K": 45.393765,
    "temperature": 5.459068,
    "humidity": 20.193352,
    "ph": 0.700499,
    "rainfall": 65.651293,
    "temp_humidity_ratio": 0.194913,
    "npk_total": 76.145061,
    "n_ratio": 0.160422,
    "p_ratio": 0.142326,
    "k_ratio": 0.125038,
    "rain_temp_product": 20.221247,
    "ph_category": 0.685606,
    "moisture_index": 0.172848,
    "soil_moisture_proxy": 208.062525,
    "npk_balance": 17.286485,
    "heat_index": 10.863577,
    "rain_intensity": 1.159145,
    "pk_ratio": 0.958782,
    "n_to_rain": 0.921528
  },
  "sklearn_version": "1.8.0"
}