{
  "feature_order": [
    "N",
    "P",
    "K",
    "temperature",
    "humidity",
    "ph",
    "rainfall",
    "temp_humidity_ratio",
    "npk_total",
    "n_ratio",
    "p_ratio",
    "k_ratio",
    "rain_temp_product",
    "ph_category",
    "moisture_index"
  ],
  "means": {
    "N": 48.515412,
    "P": 51.664325,
    "K": 49.788529,
    "temperature": 25.982289,
    "humidity": 67.156624,
    "ph": 6.536951,
    "rainfall": 99.197387,
    "temp_humidity_ratio": 0.431564,
    "npk_total": 149.968265,
    "n_ratio": 0.324997,
    "p_ratio": 0.356574,
    "k_ratio": 0.309894,
    "rain_temp_product": 26.1816,
    "ph_category": 1.545815,
    "moisture_index": 0.501112
  },
  "scales": {
    "N": 33.726126,
    "P": 30.175802,
    "K": 46.308891,
    "temperature": 5.345151,
    "humidity": 20.478127,
    "ph": 0.731945,
    "rainfall": 56.985657,
    "temp_humidity_ratio": 0.19799,
    "npk_total": 77.03813,
    "n_ratio": 0.164726,
    "p_ratio": 0.147898,
    "k_ratio": 0.127479,
    "rain_temp_product": 16.847909,
    "ph_category": 0.713466,
    "moisture_index": 0.161074
  },
  "sklearn_version": "1.6.1"
}